{"cameraMode":{"drawMode":0,"name":"Shaded","section":"Shading Mode"},"sceneLighting":true,"audioPlay":false,"sceneViewState":{"m_AlwaysRefresh":false,"showFog":true,"showSkybox":true,"showFlares":true,"showImageEffects":true,"showParticleSystems":true,"showVisualEffectGraphs":true,"m_FxEnabled":true},"in2DMode":false,"pivot":{"x":-149.76206970214845,"y":-288.3616027832031,"z":1.8734773397445679},"rotation":{"x":-0.2922602593898773,"y":-0.05046368017792702,"z":0.015464317053556443,"w":-0.9549033641815186},"size":15.732234001159668,"orthographic":false}